NodePosition(Secound),
1.00000,1
2.10029,2
4.938,1
5.00,2
10.000,1